card_name,ungraded_price,PSA_nine,PSA_ten,Date_of_Data_Collected,PSA_upcharge_10,PSA_upcharge_9,PSA_grade_price,psa_difference,one_in_x_cards_rarity,one_in_x_packs_individual,card_rarity,Card_population_PSA_9,Card_population_PSA_10,Card_population_total,Profit_per_card_PSA_9,Profit_per_card_PSA_10
Umbreon ex #161,$889.58 ,$993.25 ,"$3,123.77 ",9/21/2025,299.00,0.00,59.99,239.01,45.00,1440,Special_Illustration_Rare,"4,655","2,927","8,483",,
Sylveon ex #156,$302.50 ,$302.50 ,$900.00 ,9/21/2025,59.99,0.00,24.99,35.00,45.00,1440,Special_Illustration_Rare,"3,090","1,811","5,461",,
Leafeon ex #144,$225.00 ,$256.00 ,$555.28 ,9/21/2025,59.99,0.00,24.99,35.00,45.00,1440,Special_Illustration_Rare,"2,796","2,069","5,407",,
Espeon ex #155,$191.51 ,$208.38 ,$675.00 ,9/21/2025,59.99,0.00,24.99,35.00,45.00,1440,Special_Illustration_Rare,"2,936","1,516","4,984",,
Vaporeon ex #149,$173.34 ,$179.95 ,$766.93 ,9/21/2025,59.99,0.00,24.99,35.00,45.00,1440,Special_Illustration_Rare,"2,804","1,082","4,402",,
Glaceon ex #150,$166.05 ,$162.10 ,$500.00 ,9/21/2025,59.99,0.00,24.99,35.00,45.00,1440,Special_Illustration_Rare,"2,578","1,766","4,815",,
Flareon ex #146,$162.95 ,$157.95 ,$451.71 ,9/21/2025,0.00,0.00,24.99,0,45.00,1440,Special_Illustration_Rare,"2,610","1,523","4,598",,
Jolteon ex #153,$158.50 ,$162.50 ,$458.19 ,9/21/2025,0.00,0.00,24.99,0,45.00,1440,Special_Illustration_Rare,"2,509","1,534","4,657",,
Roaring Moon ex #162,$157.13 ,$170.10 ,$691.14 ,9/21/2025,59.99,0.00,24.99,35.00,45.00,1440,Special_Illustration_Rare,"1,519","1,243","3,167",,
Eevee ex #167,$109.71 ,$108.68 ,$462.01 ,9/21/2025,0.00,0.00,24.99,0,45.00,1440,Special_Illustration_Rare,"2,477","1,110","4,050",,
Ceruledge ex #147,$91.79 ,$90.00 ,$309.00 ,9/21/2025,0.00,0.00,24.99,0,45.00,1440,Special_Illustration_Rare,"1,547","1,375","3,124",,
Dragapult ex #165,$84.81 ,$159.00 ,$207.79 ,9/21/2025,0.00,0.00,24.99,0,45.00,1440,Special_Illustration_Rare,"1,090","1,037","2,283",,
Bloodmoon Ursaluna ex #168,$73.77 ,$89.00 ,$236.53 ,9/21/2025,0.00,0.00,24.99,0,45.00,1440,Special_Illustration_Rare,957,529,"1,707",,
Umbreon [Master Ball] #59,$73.50 ,$70.50 ,$406.00 ,9/21/2025,0.00,0.00,24.99,0,20,1362,Rare,,,,,
Raging Bolt ex #166,$71.29 ,$70.00 ,$222.50 ,9/21/2025,0.00,0.00,24.99,0,45.00,1440,Special_Illustration_Rare,"1,280",732,"2,273",,
Gholdengo ex #164,$64.94 ,$64.94 ,$242.50 ,9/21/2025,0.00,0.00,24.99,0,45.00,1440,Special_Illustration_Rare,917,494,"1,553",,
Palafin ex #151,$50.50 ,$51.62 ,$192.21 ,9/21/2025,0.00,0.00,24.99,0,45.00,1440,Special_Illustration_Rare,"1,025",784,"1,959",,
Iron Valiant ex #157,$45.09 ,$44.03 ,$149.40 ,9/21/2025,0.00,0.00,24.99,0,45.00,1440,Special_Illustration_Rare,23,8,45,,
Pikachu ex #179,$40.00 ,$51.29 ,$325.00 ,9/21/2025,0.00,0.00,24.99,0,180,900,Hyper_Rare,"3,369","1,066","5,976",,
Iron Crown ex #158,$38.50 ,$43.45 ,$111.51 ,9/21/2025,0.00,0.00,24.99,0,45.00,1440,Special_Illustration_Rare,701,567,"1,381",,
Iron Hands ex #154,$38.20 ,$34.03 ,$143.99 ,9/21/2025,0.00,0.00,24.99,0,45.00,1440,Special_Illustration_Rare,691,277,"1,096",,
Terapagos ex #169,$33.91 ,$56.00 ,$120.61 ,9/21/2025,0.00,0.00,24.99,0,45.00,1440,Special_Illustration_Rare,721,327,"1,137",,
Umbreon ex [Stamped] #60,$30.50 ,$35.60 ,$174.99 ,9/21/2025,0.00,0.00,24.99,0,NULL,NULL,Promotional,"3,080","2,069","5,616",,
Janine's Secret Art #173,$30.12 ,$38.00 ,$123.31 ,9/21/2025,0.00,0.00,24.99,0,45.00,1440,Special_Illustration_Rare,395,214,745,,
Tech Sticker Collection [Glaceon],$29.30 ,$50.25 ,$52.66 ,9/21/2025,0.00,0.00,24.99,0,NULL,NULL,Promotional,NULL,NULL,NULL,,
Pecharunt ex #163,$29.28 ,$24.56 ,$99.76 ,9/21/2025,0.00,0.00,24.99,0,45.00,1440,Special_Illustration_Rare,460,282,816,,
Tech Sticker Collection [Sylveon],$28.49 ,$31.00 ,$99.99 ,9/21/2025,0.00,0.00,24.99,0,NULL,NULL,Promotional,NULL,NULL,NULL,,
Sandy Shocks ex #159,$28.00 ,$28.41 ,$87.63 ,9/21/2025,0.00,0.00,24.99,0,45.00,1440,Special_Illustration_Rare,580,448,"1,102",,
Crispin #171,$27.86 ,$33.00 ,$77.63 ,9/21/2025,0.00,0.00,24.99,0,45.00,1440,Special_Illustration_Rare,328,170,569,,
Sylveon [Master Ball] #40,$26.98 ,$28.89 ,$182.50 ,9/21/2025,0.00,0.00,24.99,0,20,1362,Rare,,,,,
Tech Sticker Collection [Leafeon],$26.93 ,$34.00 ,$55.00 ,9/21/2025,0.00,0.00,24.99,0,NULL,NULL,Promotional,NULL,NULL,NULL,,
Espeon [Master Ball] #33,$26.91 ,$21.01 ,$225.00 ,9/21/2025,0.00,0.00,24.99,0,20,1362,Rare,,,,,
Lacey #175,$26.00 ,$29.59 ,$108.09 ,9/21/2025,0.00,0.00,24.99,0,45.00,1440,Special_Illustration_Rare,633,359,"1,114",,
Kieran #174,$25.00 ,$24.72 ,$100.00 ,9/21/2025,0.00,0.00,24.99,0,45.00,1440,Special_Illustration_Rare,470,258,795,,
Jolteon [Master Ball] #29,$22.46 ,$22.71 ,$118.50 ,9/21/2025,0.00,0.00,24.99,0,20,1362,Rare,,,,,
Glaceon [Master Ball] #25,$22.23 ,$24.00 ,$248.44 ,9/21/2025,0.00,0.00,24.99,0,20,1362,Rare,,,,,
Leafeon [Master Ball] #5,$21.58 ,$24.26 ,$133.63 ,9/21/2025,0.00,0.00,24.99,0,20,1362,Rare,,,,,
Flareon [Master Ball] #13,$20.26 ,$24.13 ,$119.99 ,9/21/2025,0.00,0.00,24.99,0,20,1362,Rare,,,,,
Amarys #170,$20.00 ,$22.85 ,$61.00 ,9/21/2025,0.00,0.00,24.99,0,45.00,1440,Special_Illustration_Rare,237,124,431,,
Hearthflame Mask Ogerpon ex #148,$19.99 ,$25.00 ,$87.00 ,9/21/2025,0.00,0.00,24.99,0,45.00,1440,Special_Illustration_Rare,484,346,907,,
Vaporeon [Master Ball] #22,$19.81 ,$24.25 ,$284.75 ,9/21/2025,0.00,0.00,24.99,0,20,1362,Rare,,,,,
Teal Mask Ogerpon ex #145,$19.70 ,$28.00 ,$100.00 ,9/21/2025,0.00,0.00,24.99,0,45.00,1440,Special_Illustration_Rare,444,275,856,,
Drayton #172,$18.99 ,$20.25 ,$117.45 ,9/21/2025,0.00,0.00,24.99,0,45.00,1440,Special_Illustration_Rare,204,90,361,,
Cornerstone Mask Ogerpon ex #160,$18.74 ,$20.78 ,$81.00 ,9/21/2025,0.00,0.00,24.99,0,45.00,1440,Special_Illustration_Rare,500,228,843,,
Wellspring Mask Ogerpon ex #152,$16.83 ,$18.59 ,$94.99 ,9/21/2025,0.00,0.00,24.99,0,45.00,1440,Special_Illustration_Rare,402,290,767,,
Roaring Moon [Master Ball] #65,$14.20 ,$10.44 ,$134.97 ,9/21/2025,0.00,0.00,24.99,0,20,1362,Rare,,,,,
Suicune [Master Ball] #24,$13.99 ,$19.99 ,$93.06 ,9/21/2025,0.00,0.00,24.99,0,20,1362,Uncommon,,,,,
Dusknoir [Master Ball] #37,$13.04 ,$10.50 ,$22.50 ,9/21/2025,0.00,0.00,24.99,0,20,1362,Rare,,,,,
Eevee [Master Ball] #74,$12.99 ,$17.50 ,$119.00 ,9/21/2025,0.00,0.00,24.99,0,20,1362,Common,,,,,
Exeggutor [Master Ball] #2,$12.95 ,$12.00 ,$66.71 ,9/21/2025,0.00,0.00,24.99,0,20,1362,Uncommon,,,,,
Vaporeon ex [Stamped] #23,$12.82 ,$19.27 ,$107.51 ,9/21/2025,0.00,0.00,24.99,0,NULL,NULL,Promotional,"1,060",681,"1,931",,
Sylveon ex [Stamped] #41,$12.79 ,$23.00 ,$89.01 ,9/21/2025,0.00,0.00,24.99,0,NULL,NULL,Promotional,"1,222",897,"2,290",,
Eevee Ex [Stamped] #75,$12.60 ,$49.00 ,$92.80 ,9/21/2025,0.00,0.00,24.99,0,NULL,NULL,Promotional,"1,192",851,"2,233",,
Houndoom [Master Ball] #63,$12.00 ,$15.50 ,$90.00 ,9/21/2025,0.00,0.00,24.99,0,20,1362,Common,,,,,
Groudon [Master Ball] #49,$11.99 ,$13.63 ,$74.00 ,9/21/2025,0.00,0.00,24.99,0,20,1362,Rare,,,,,
Flareon ex [Stamped] #14,$11.76 ,$21.78 ,$112.19 ,9/21/2025,0.00,0.00,24.99,0,NULL,NULL,Promotional,"1,135",621,"1,960",,
Munkidori [Master Ball] #44,$11.75 ,$16.00 ,$84.40 ,9/21/2025,0.00,0.00,24.99,0,20,1362,Rare,,,,,
Dudunsparce [Master Ball] #80,$11.61 ,$14.50 ,$46.25 ,9/21/2025,0.00,0.00,24.99,0,20,1362,Rare,,,,,
Leafeon Ex [Stamped] #6,$11.51 ,$22.00 ,$100.00 ,9/21/2025,0.00,0.00,24.99,0,NULL,NULL,Promotional,"1,046",607,"1,851",,
Sylveon [Pokemon Day 2025] #40,$11.50 ,$17.76 ,$76.00 ,9/21/2025,0.00,0.00,24.99,0,NULL,NULL,Promotional,242,444,731,,
Noctowl [Master Ball] #78,$11.50 ,$18.00 ,$63.79 ,9/21/2025,0.00,0.00,24.99,0,20,1362,Rare,,,,,
Riolu [Master Ball] #50,$11.45 ,$12.00 ,$62.82 ,9/21/2025,0.00,0.00,24.99,0,20,1362,Common,,,,,
Terapagos ex #180,$11.25 ,$17.26 ,$84.70 ,9/21/2025,0.00,0.00,24.99,0,180,900,Hyper_Rare,856,278,"1,519",,
Espeon ex [Stamped] #34,$11.15 ,$19.00 ,$88.95 ,9/21/2025,0.00,0.00,24.99,0,NULL,NULL,Promotional,"1,108",915,"2,189",,
Whimsicott [Master Ball] #8,$10.32 ,$13.00 ,$31.00 ,9/21/2025,0.00,0.00,24.99,0,20,1362,Rare,,,,,
Flutter Mane [Master Ball] #43,$10.00 ,$11.00 ,$47.00 ,9/21/2025,0.00,0.00,24.99,0,20,1362,Rare,,,,,
Scream Tail [Master Ball] #42,$9.27 ,$9.99 ,$26.00 ,9/21/2025,0.00,0.00,24.99,0,20,1362,Uncommon,,,,,
Jolteon ex [Stamped] #30,$9.00 ,$19.99 ,$95.00 ,9/21/2025,0.00,0.00,24.99,0,NULL,NULL,Promotional,"1,095",764,"2,025",,
Budew [Master Ball] #4,$9.00 ,$9.00 ,$36.99 ,9/21/2025,0.00,0.00,24.99,0,20,1362,Common,,,,,
Glaceon ex [Stamped] #26,$8.99 ,$16.09 ,$101.10 ,9/21/2025,0.00,0.00,24.99,0,NULL,NULL,Promotional,"1,090",720,"1,991",,
Walking Wake ex #178,$8.97 ,$17.00 ,$113.50 ,9/21/2025,0.00,0.00,24.99,0,180,900,Hyper_Rare,686,180,"1,186",,
Great Tusk [Master Ball] #55,$8.79 ,$9.01 ,$28.00 ,9/21/2025,0.00,0.00,24.99,0,20,1362,Uncommon,,,,,
Lopunny [Master Ball] #84,$8.75 ,$7.50 ,$32.70 ,9/21/2025,0.00,0.00,24.99,0,20,1362,Common,,,,,
Shaymin [Master Ball] #87,$8.55 ,$11.24 ,$55.99 ,9/21/2025,0.00,0.00,24.99,0,20,1362,Uncommon,,,,,
Pupitar [Master Ball] #48,$8.30 ,$10.00 ,$37.00 ,9/21/2025,0.00,0.00,24.99,0,20,1362,Common,,,,,
Okidogi [Master Ball] #57,$8.25 ,$10.22 ,$126.25 ,9/21/2025,0.00,0.00,24.99,0,20,1362,Rare,,,,,
Teal Mask Ogerpon ex #177,$8.12 ,$14.19 ,$87.25 ,9/21/2025,0.00,0.00,24.99,0,180,900,Hyper_Rare,595,193,"1,078",,
Fezandipiti [Master Ball] #45,$7.97 ,$8.60 ,$30.00 ,9/21/2025,0.00,0.00,24.99,0,20,1362,Rare,,,,,
Bloodmoon Ursaluna [Master Ball] #54,$7.64 ,$8.25 ,$45.00 ,9/21/2025,0.00,0.00,24.99,0,20,1362,Rare,,,,,
Iron Boulder [Master Ball] #46,$7.50 ,$10.00 ,$59.96 ,9/21/2025,0.00,0.00,24.99,0,20,1362,Rare,,,,,
Iron Leaves ex #176,$7.08 ,$15.50 ,$69.23 ,9/21/2025,0.00,0.00,24.99,0,180,900,Hyper_Rare,23,8,45,,
Hippowdon [Master Ball] #53,$7.01 ,$9.99 ,$46.00 ,9/21/2025,0.00,0.00,24.99,0,20,1362,Common,,,,,
Archaludon [Master Ball] #70,$6.64 ,$8.55 ,$32.49 ,9/21/2025,0.00,0.00,24.99,0,20,1362,Rare,,,,,
Bronzong [Master Ball] #67,$6.63 ,$11.59 ,$25.75 ,9/21/2025,0.00,0.00,24.99,0,20,1362,Uncommon,,,,,
Furfrou [Master Ball] #88,$6.52 ,$9.64 ,$58.01 ,9/21/2025,0.00,0.00,24.99,0,20,1362,Common,,,,,
Aromatisse [Master Ball] #39,$6.43 ,$8.38 ,$40.00 ,9/21/2025,0.00,0.00,24.99,0,20,1362,Common,,,,,
Eevee ex #75,$6.31 ,$18.95 ,$74.34 ,9/21/2025,0.00,0.00,24.99,0,6,150,Double_Rare,925,802,"1,915",,
Dreepy [Master Ball] #71,$6.29 ,$7.19 ,$36.00 ,9/21/2025,0.00,0.00,24.99,0,20,1362,Common,,,,,
Duraludon [Master Ball] #69,$6.01 ,$9.46 ,$22.50 ,9/21/2025,0.00,0.00,24.99,0,20,1362,Common,,,,,
Flareon ex #14,$6.00 ,$16.17 ,$74.46 ,9/21/2025,0.00,0.00,24.99,0,6,150,Double_Rare,713,497,"1,339",,
Leafeon ex #6,$5.86 ,$17.50 ,$72.75 ,9/21/2025,0.00,0.00,24.99,0,6,150,Double_Rare,630,499,"1,224",,
Drakloak [Master Ball] #72,$5.72 ,$9.57 ,$36.30 ,9/21/2025,0.00,0.00,24.99,0,20,1362,Common,,,,,
Umbreon ex #60,$4.96 ,$30.40 ,$49.36 ,9/21/2025,0.00,0.00,24.99,0,6,150,Double_Rare,"1,920","1,529","3,737",,
Pinsir [Master Ball] #3,$4.71 ,$11.72 ,$77.99 ,9/21/2025,0.00,0.00,24.99,0,20,1362,Common,,,,,
Fan Rotom [Master Ball] #85,$4.66 ,$11.00 ,$40.48 ,9/21/2025,0.00,0.00,24.99,0,20,1362,Common,,,,,
Slowpoke [Master Ball] #18,$4.18 ,$14.27 ,$67.50 ,9/21/2025,0.00,0.00,24.99,0,20,1362,Common,,,,,
Umbreon [Poke Ball] #59,$4.13 ,$13.21 ,$44.03 ,9/21/2025,0.00,0.00,24.99,0,3,302,Rare,,,,,
Larvitar [Master Ball] #47,$4.00 ,$11.50 ,$67.47 ,9/21/2025,0.00,0.00,24.99,0,20,1362,Common,,,,,
Eevee [Pokemon Day] #74,$4.00 ,$13.66 ,$60.56 ,9/21/2025,0.00,0.00,24.99,0,NULL,NULL,Promotional,"2,869","2,201","5,548",,
Applin [Master Ball] #9,$4.00 ,$11.57 ,$56.50 ,9/21/2025,0.00,0.00,24.99,0,20,1362,Common,,,,,
Sneasel [Master Ball] #61,$4.00 ,$7.61 ,$35.00 ,9/21/2025,0.00,0.00,24.99,0,20,1362,Common,,,,,
Slowking [Master Ball] #19,$3.99 ,$14.14 ,$74.96 ,9/21/2025,0.00,0.00,24.99,0,20,1362,Uncommon,,,,,
Seaking [Master Ball] #21,$3.99 ,$7.50 ,$29.99 ,9/21/2025,0.00,0.00,24.99,0,20,1362,Uncommon,,,,,
Dusclops [Master Ball] #36,$3.95 ,$12.00 ,$41.77 ,9/21/2025,0.00,0.00,24.99,0,20,1362,Common,,,,,
Houndour [Master Ball] #62,$3.93 ,$10.13 ,$31.00 ,9/21/2025,0.00,0.00,24.99,0,20,1362,Common,,,,,
Espeon ex #34,$3.81 ,$17.50 ,$76.01 ,9/21/2025,0.00,0.00,24.99,0,6,150,Double_Rare,683,528,"1,374",,
Goldeen [Master Ball] #20,$3.77 ,$9.57 ,$34.31 ,9/21/2025,0.00,0.00,24.99,0,20,1362,Common,,,,,
Hoothoot [Master Ball] #77,$3.63 ,$9.16 ,$39.00 ,9/21/2025,0.00,0.00,24.99,0,20,1362,Common,,,,,
Exeggcute [Master Ball] #1,$3.58 ,$10.12 ,$41.00 ,9/21/2025,0.00,0.00,24.99,0,20,1362,Common,,,,,
Duskull [Master Ball] #35,$3.56 ,$10.00 ,$41.00 ,9/21/2025,0.00,0.00,24.99,0,20,1362,Common,,,,,
Jolteon ex #30,$3.49 ,$21.50 ,$78.00 ,9/21/2025,0.00,0.00,24.99,0,6,150,Double_Rare,663,620,"1,385",,
Glaceon ex #26,$3.47 ,$15.16 ,$58.67 ,9/21/2025,0.00,0.00,24.99,0,6,150,Double_Rare,587,450,"1,138",,
Dipplin [Master Ball] #10,$3.46 ,$8.68 ,$20.00 ,9/21/2025,0.00,0.00,24.99,0,20,1362,Uncommon,,,,,
Regigigas [Master Ball] #86,$3.44 ,$9.50 ,$42.18 ,9/21/2025,0.00,0.00,24.99,0,20,1362,Uncommon,,,,,
Cottonee [Master Ball] #7,$3.38 ,$9.55 ,$29.33 ,9/21/2025,0.00,0.00,24.99,0,20,1362,Common,,,,,
Bronzor [Master Ball] #66,$3.37 ,$11.53 ,$35.00 ,9/21/2025,0.00,0.00,24.99,0,20,1362,Common,,,,,
Budew #4,$3.25 ,$14.43 ,$36.01 ,9/21/2025,0.00,0.00,24.99,0,,192,Common,,,,,
Jolteon [Poke Ball] #29,$3.23 ,$10.50 ,$44.00 ,9/21/2025,0.00,0.00,24.99,0,3,302,Rare,,,,,
Dunsparce [Master Ball] #79,$3.20 ,$7.50 ,$45.51 ,9/21/2025,0.00,0.00,24.99,0,20,1362,Common,,,,,
Sylveon ex #41,$3.17 ,$16.58 ,$80.50 ,9/21/2025,0.00,0.00,24.99,0,6,150,Double_Rare,574,497,"1,155",,
Buneary [Master Ball] #83,$3.13 ,$10.00 ,$52.60 ,9/21/2025,0.00,0.00,24.99,0,20,1362,Common,,,,,
Noibat [Master Ball] #90,$3.10 ,$7.83 ,$58.48 ,9/21/2025,0.00,0.00,24.99,0,20,1362,Common,,,,,
Vaporeon ex #23,$3.08 ,$18.15 ,$41.00 ,9/21/2025,0.00,0.00,24.99,0,6,150,Double_Rare,646,535,"1,276",,
Budew [Poke Ball] #4,$3.02 ,$13.00 ,$22.50 ,9/21/2025,0.00,0.00,24.99,0,3,302,Common,,,,,
Litleo [Master Ball] #15,$3.01 ,$10.50 ,$30.00 ,9/21/2025,0.00,0.00,24.99,0,20,1362,Common,,,,,
Lugia ex #82,$3.00 ,$15.64 ,$54.00 ,9/21/2025,0.00,0.00,24.99,0,6,150,Double_Rare,244,82,436,,
Pyroar [Master Ball] #16,$3.00 ,$9.93 ,$46.00 ,9/21/2025,0.00,0.00,24.99,0,20,1362,Uncommon,,,,,
Hawlucha [Master Ball] #89,$2.99 ,$12.85 ,$74.95 ,9/21/2025,0.00,0.00,24.99,0,20,1362,Uncommon,,,,,
Pikachu ex #28,$2.99 ,$13.50 ,$62.98 ,9/21/2025,0.00,0.00,24.99,0,6,150,Double_Rare,350,130,625,,
Miltank [Master Ball] #81,$2.99 ,$8.29 ,$52.94 ,9/21/2025,0.00,0.00,24.99,0,20,1362,Common,,,,,
Flareon [Poke Ball] #13,$2.99 ,$12.00 ,$33.50 ,9/21/2025,0.00,0.00,24.99,0,3,302,Rare,,,,,
Heatran [Master Ball] #68,$2.99 ,$8.93 ,$29.78 ,9/21/2025,0.00,0.00,24.99,0,20,1362,Uncommon,,,,,
Iron Hands ex #31,$2.98 ,$9.67 ,$20.50 ,9/21/2025,0.00,0.00,24.99,0,6,150,Double_Rare,23,8,45,,
Munkidori [Poke Ball] #44,$2.89 ,$8.50 ,$46.22 ,9/21/2025,0.00,0.00,24.99,0,3,302,Rare,,,,,
Hippopotas [Master Ball] #52,$2.80 ,$9.00 ,$29.61 ,9/21/2025,0.00,0.00,24.99,0,20,1362,Common,,,,,
Espeon [Poke Ball] #33,$2.75 ,$10.03 ,$37.35 ,9/21/2025,0.00,0.00,24.99,0,3,302,Rare,,,,,
Snorlax ex #76,$2.74 ,$13.23 ,$55.87 ,9/21/2025,0.00,0.00,24.99,0,6,150,Double_Rare,251,93,483,,
Mela #140,$2.73 ,$15.00 ,$32.46 ,9/21/2025,0.00,0.00,24.99,0,13,161,Ultra_Rare,298,171,545,,
Eri #136,$2.72 ,$13.27 ,$44.50 ,9/21/2025,0.00,0.00,24.99,0,13,161,Ultra_Rare,598,373,"1,110",,
Dragapult ex #73,$2.69 ,$11.50 ,$29.00 ,9/21/2025,0.00,0.00,24.99,0,6,150,Double_Rare,37,33,79,,
Pyroar #16,$2.60 ,$13.58 ,$42.04 ,9/21/2025,0.00,0.00,24.99,0,,192,Uncommon,,,,,
Dusclops [Poke Ball] #36,$2.53 ,$13.47 ,$41.73 ,9/21/2025,0.00,0.00,24.99,0,3,302,Common,,,,,
Teal Mask Ogerpon ex #12,$2.50 ,$9.00 ,$44.23 ,9/21/2025,0.00,0.00,24.99,0,6,150,Double_Rare,46,21,75,,
Vaporeon [Poke Ball] #22,$2.49 ,$9.50 ,$190.99 ,9/21/2025,0.00,0.00,24.99,0,3,302,Rare,,,,,
Lucario ex #51,$2.48 ,$10.50 ,$55.48 ,9/21/2025,0.00,0.00,24.99,0,6,150,Double_Rare,66,22,117,,
Leafeon [Poke Ball] #5,$2.42 ,$10.74 ,$35.30 ,9/21/2025,0.00,0.00,24.99,0,3,302,Rare,,,,,
Dipplin [Poke Ball] #10,$2.33 ,$3.35 ,$35.00 ,9/21/2025,0.00,0.00,24.99,0,3,302,Uncommon,,,,,
Explorer's Guidance [Poke Ball] #107,$2.32 ,$8.50 ,$40.76 ,9/21/2025,0.00,0.00,24.99,0,3,302,Uncommon,,,,,
Duskull [Reverse] #35,$2.30 ,$13.16 ,$40.67 ,9/21/2025,0.00,0.00,24.99,0,,192,Common,,,,,
Cottonee [Poke Ball] #7,$2.30 ,$13.16 ,$16.00 ,9/21/2025,0.00,0.00,24.99,0,3,302,Common,,,,,
Max Rod #116,$2.28 ,$11.74 ,$51.99 ,9/21/2025,0.00,0.00,24.99,0,21,128,ACE_SPEC,36,10,62,,
Applin #9,$2.28 ,$4.00 ,$40.57 ,9/21/2025,0.00,0.00,24.99,0,,192,Common,,,,,
Dreepy [Poke Ball] #71,$2.27 ,$10.00 ,$47.45 ,9/21/2025,0.00,0.00,24.99,0,3,302,Common,,,,,
Friends in Paldea #137,$2.27 ,$10.09 ,$36.50 ,9/21/2025,0.00,0.00,24.99,0,13,161,Ultra_Rare,555,318,"1,013",,
Tyranitar ex #64,$2.25 ,$17.63 ,$51.00 ,9/21/2025,0.00,0.00,24.99,0,6,150,Double_Rare,87,23,137,,
Dunsparce [Poke Ball] #79,$2.25 ,$12.70 ,$39.07 ,9/21/2025,0.00,0.00,24.99,0,3,302,Common,,,,,
Eevee [Poke Ball] #74,$2.25 ,$10.14 ,$36.99 ,9/21/2025,0.00,0.00,24.99,0,3,302,Common,,,,,
Archaludon #70,$2.19 ,$13.01 ,$40.16 ,9/21/2025,0.00,0.00,24.99,0,,192,Rare,,,,,
Suicune [Poke Ball] #24,$2.19 ,$8.50 ,$34.83 ,9/21/2025,0.00,0.00,24.99,0,3,302,Uncommon,,,,,
Scream Tail [Poke Ball] #42,$2.16 ,$8.51 ,$44.40 ,9/21/2025,0.00,0.00,24.99,0,3,302,Uncommon,,,,,
Whimsicott [Poke Ball] #8,$2.15 ,$7.65 ,$42.76 ,9/21/2025,0.00,0.00,24.99,0,3,302,Rare,,,,,
Black Belt's Training [Poke Ball] #98,$2.14 ,$12.94 ,$39.93 ,9/21/2025,0.00,0.00,24.99,0,3,302,Common,,,,,
Eevee #74,$2.13 ,$9.57 ,$39.98 ,9/21/2025,0.00,0.00,24.99,0,,192,Common,,,,,
Ciphermaniac's Codebreaking [Poke Ball] #104,$2.10 ,$12.88 ,$39.74 ,9/21/2025,0.00,0.00,24.99,0,3,302,Uncommon,,,,,
Munkidori [Reverse] #44,$2.09 ,$13.01 ,$40.14 ,9/21/2025,0.00,0.00,24.99,0,,192,Rare,,,,,
Buddy-Buddy Poffin [Poke Ball] #101,$2.09 ,$11.50 ,$13.00,9/21/2025,0.00,0.00,24.99,0,3,302,Uncommon,,,,,
Maximum Belt #117,$2.08 ,$6.26 ,$40.13 ,9/21/2025,0.00,0.00,24.99,0,21,128,ACE_SPEC,18,13,36,,
Black Belt's Training [Poke Ball] #97,$2.06 ,$5.27 ,$20.50 ,9/21/2025,0.00,0.00,24.99,0,3,302,Common,,,,,
Professor Sada's Vitality [Poke Ball] #120,$2.05 ,$3.25 ,$39.69 ,9/21/2025,0.00,0.00,24.99,0,3,302,Uncommon,,,,,
Regigigas [Poke Ball] #86,$2.05 ,$8.68 ,$31.68 ,9/21/2025,0.00,0.00,24.99,0,3,302,Uncommon,,,,,
Sylveon [Reverse] #40,$2.05 ,$8.99 ,$24.51 ,9/21/2025,0.00,0.00,24.99,0,,192,Rare,,,,,
Dudunsparce [Poke Ball] #80,$2.05 ,$13.14 ,$20.50 ,9/21/2025,0.00,0.00,24.99,0,3,302,Rare,,,,,
Cornerstone Mask Ogerpon ex #58,$2.02 ,$9.00 ,$44.75 ,9/21/2025,0.00,0.00,24.99,0,6,150,Double_Rare,28,17,49,,
Seaking [Poke Ball] #21,$2.02 ,$10.56 ,$19.99 ,9/21/2025,0.00,0.00,24.99,0,3,302,Uncommon,,,,,
Bloodmoon Ursaluna [Poke Ball] #54,$2.02 ,$13.45 ,$16.00 ,9/21/2025,0.00,0.00,24.99,0,3,302,Rare,,,,,
Bronzong [Poke Ball] #67,$2.01 ,$0.99 ,$40.09 ,9/21/2025,0.00,0.00,24.99,0,3,302,Uncommon,,,,,
Glaceon [Poke Ball] #25,$2.00 ,$10.53 ,$46.75 ,9/21/2025,0.00,0.00,24.99,0,3,302,Rare,,,,,
Earthen Vessel [Poke Ball] #106,$2.00 ,$12.97 ,$40.01 ,9/21/2025,0.00,0.00,24.99,0,3,302,Uncommon,,,,,
Aromatisse #39,$2.00 ,$12.00 ,$39.26 ,9/21/2025,0.00,0.00,24.99,0,,192,Common,,,,,
Great Tusk #55,$2.00 ,$10.75 ,$39.26 ,9/21/2025,0.00,0.00,24.99,0,,192,Uncommon,,,,,
Houndoom [Poke Ball] #63,$2.00 ,$12.00 ,$38.46 ,9/21/2025,0.00,0.00,24.99,0,3,302,Common,,,,,
Spritzee [Master Ball] #38,$2.00 ,$10.47 ,$34.00 ,9/21/2025,0.00,0.00,24.99,0,20,1362,Common,,,,,
Shaymin [Poke Ball] #87,$1.99 ,$7.00 ,$47.98 ,9/21/2025,0.00,0.00,24.99,0,3,302,Uncommon,,,,,
Noibat [Poke Ball] #90,$1.99 ,$6.35 ,$39.92 ,9/21/2025,0.00,0.00,24.99,0,3,302,Common,,,,,
Black Belt's Training #99,$1.99 ,$6.50 ,$39.22 ,9/21/2025,0.00,0.00,24.99,0,,192,Common,,,,,
Iron Boulder [Poke Ball] #46,$1.99 ,$15.00 ,$39.21 ,9/21/2025,0.00,0.00,24.99,0,3,302,Rare,,,,,
Bronzor [Poke Ball] #66,$1.99 ,$6.50 ,$39.17 ,9/21/2025,0.00,0.00,24.99,0,3,302,Common,,,,,
Larry's Skill [Poke Ball] #115,$1.99 ,$12.64 ,$38.90 ,9/21/2025,0.00,0.00,24.99,0,3,302,Common,,,,,
Prime Catcher #119,$1.99 ,$5.59 ,$38.74 ,9/21/2025,0.00,0.00,24.99,0,21,128,ACE_SPEC,29,11,56,,
Giacomo #138,$1.99 ,$10.00 ,$27.60 ,9/21/2025,0.00,0.00,24.99,0,13,161,Ultra_Rare,91,48,173,,
Hippopotas #52,$1.99 ,$7.00 ,$22.00 ,9/21/2025,0.00,0.00,24.99,0,,192,Common,,,,,
Roaring Moon [Poke Ball] #65,$1.99 ,$9.65 ,$21.18 ,9/21/2025,0.00,0.00,24.99,0,3,302,Rare,,,,,
Dusknoir [Poke Ball] #37,$1.99 ,$8.58 ,$15.50 ,9/21/2025,0.00,0.00,24.99,0,3,302,Rare,,,,,
Slowking [Poke Ball] #19,$1.99 ,$9.00 ,$11.35 ,9/21/2025,0.00,0.00,24.99,0,3,302,Uncommon,,,,,
Drakloak [Poke Ball] #72,$1.98 ,$15.25 ,$20.50 ,9/21/2025,0.00,0.00,24.99,0,3,302,Common,,,,,
Riolu [Poke Ball] #50,$1.94 ,$12.00 ,$45.00 ,9/21/2025,0.00,0.00,24.99,0,3,302,Common,,,,,
Hippopotas [Poke Ball] #52,$1.94 ,$8.50 ,$43.90 ,9/21/2025,0.00,0.00,24.99,0,3,302,Common,,,,,
Pupitar [Reverse] #48,$1.94 ,$12.66 ,$38.99 ,9/21/2025,0.00,0.00,24.99,0,,192,Common,,,,,
Scream Tail [Reverse] #42,$1.94 ,$12.67 ,$38.99 ,9/21/2025,0.00,0.00,24.99,0,,192,Uncommon,,,,,
Glass Trumpet [Poke Ball] #110,$1.94 ,$12.67 ,$38.98 ,9/21/2025,0.00,0.00,24.99,0,3,302,Uncommon,,,,,
Amarys #132,$1.94 ,$9.24 ,$33.50 ,9/21/2025,0.00,0.00,24.99,0,13,161,Ultra_Rare,152,79,286,,
Miltank [Poke Ball] #81,$1.94 ,$7.75 ,$30.25 ,9/21/2025,0.00,0.00,24.99,0,3,302,Common,,,,,
Amarys [Reverse] #93,$1.93 ,$12.64 ,$38.89 ,9/21/2025,0.00,0.00,24.99,0,,192,Common,,,,,
Brassius #135,$1.92 ,$10.00 ,$42.99 ,9/21/2025,0.00,0.00,24.99,0,13,161,Ultra_Rare,103,59,195,,
Black Belt's Training [Poke Ball] #96,$1.92 ,$12.75 ,$39.26 ,9/21/2025,0.00,0.00,24.99,0,3,302,Common,,,,,
Exeggcute [Poke Ball] #1,$1.92 ,$6.33 ,$21.50 ,9/21/2025,0.00,0.00,24.99,0,3,302,Common,,,,,
Exeggcute #1,$1.91 ,$12.00 ,$42.53 ,9/21/2025,0.00,0.00,24.99,0,,192,Common,,,,,
Houndour [Poke Ball] #62,$1.91 ,$9.50 ,$32.75 ,9/21/2025,0.00,0.00,24.99,0,3,302,Common,,,,,
Drakloak #72,$1.91 ,$12.75 ,$27.50 ,9/21/2025,0.00,0.00,24.99,0,,192,Common,,,,,
Hoothoot [Poke Ball] #77,$1.91 ,$6.64 ,$18.50 ,9/21/2025,0.00,0.00,24.99,0,3,302,Common,,,,,
Dreepy #71,$1.90 ,$9.67 ,$38.80 ,9/21/2025,0.00,0.00,24.99,0,,192,Common,,,,,
Larry's Skill #115,$1.90 ,$12.61 ,$38.80 ,9/21/2025,0.00,0.00,24.99,0,,192,Common,,,,,
Ogre's Mask [Poke Ball] #118,$1.90 ,$10.50 ,$38.33 ,9/21/2025,0.00,0.00,24.99,0,3,302,Uncommon,,,,,
Larry's Skill #139,$1.90 ,$10.70 ,$36.17 ,9/21/2025,0.00,0.00,24.99,0,13,161,Ultra_Rare,148,67,271,,
Regigigas #86,$1.89 ,$11.03 ,$59.00 ,9/21/2025,0.00,0.00,24.99,0,,192,Uncommon,,,,,
Kieran #113,$1.89 ,$12.60 ,$38.76 ,9/21/2025,0.00,0.00,24.99,0,,192,Uncommon,,,,,
Budew [Reverse] #4,$1.89 ,$9.00 ,$19.99 ,9/21/2025,0.00,0.00,24.99,0,,192,Common,,,,,
Aromatisse [Poke Ball] #39,$1.89 ,$12.60 ,$15.00 ,9/21/2025,0.00,0.00,24.99,0,3,302,Common,,,,,
Buneary [Poke Ball] #83,$1.88 ,$8.10 ,$44.99 ,9/21/2025,0.00,0.00,24.99,0,3,302,Common,,,,,
Exeggutor [Reverse] #2,$1.88 ,$12.61 ,$38.82 ,9/21/2025,0.00,0.00,24.99,0,,192,Uncommon,,,,,
Heatran [Poke Ball] #68,$1.88 ,$8.00 ,$38.70 ,9/21/2025,0.00,0.00,24.99,0,3,302,Uncommon,,,,,
Houndoom [Reverse] #63,$1.87 ,$12.41 ,$38.00 ,9/21/2025,0.00,0.00,24.99,0,,192,Common,,,,,
Leafeon [Reverse] #5,$1.87 ,$11.08 ,$32.50 ,9/21/2025,0.00,0.00,24.99,0,,192,Rare,,,,,
Terapagos ex #92,$1.87 ,$12.26 ,$26.00 ,9/21/2025,0.00,0.00,24.99,0,6,150,Double_Rare,130,82,235,,
Iron Thorns Ex #32,$1.87 ,$9.20 ,$25.25 ,9/21/2025,0.00,0.00,24.99,0,6,150,Double_Rare,27,10,50,,
Duraludon [Reverse] #69,$1.87 ,$12.47 ,$22.08 ,9/21/2025,0.00,0.00,24.99,0,,192,Common,,,,,
Briar [Poke Ball] #100,$1.87 ,$9.00 ,$10.00,9/21/2025,0.00,0.00,24.99,0,3,302,Uncommon,,,,,
Lopunny [Poke Ball] #84,$1.86 ,$5.60 ,$39.97 ,9/21/2025,0.00,0.00,24.99,0,3,302,Common,,,,,
Hoothoot #77,$1.86 ,$12.57 ,$26.50 ,9/21/2025,0.00,0.00,24.99,0,,192,Common,,,,,
Carmine [Poke Ball] #103,$1.86 ,$7.50 ,$11.50 ,9/21/2025,0.00,0.00,24.99,0,3,302,Uncommon,,,,,
Sylveon [Poke Ball] #40,$1.85 ,$12.00 ,$39.50 ,9/21/2025,0.00,0.00,24.99,0,3,302,Rare,,,,,
Heatran [Reverse] #68,$1.85 ,$12.68 ,$39.03 ,9/21/2025,0.00,0.00,24.99,0,,192,Uncommon,,,,,
Slowpoke [Reverse] #18,$1.85 ,$12.54 ,$38.58 ,9/21/2025,0.00,0.00,24.99,0,,192,Common,,,,,
Sneasel #61,$1.84 ,$12.53 ,$38.52 ,9/21/2025,0.00,0.00,24.99,0,,192,Common,,,,,
Fan Rotom [Poke Ball] #85,$1.84 ,$8.48 ,$13.89 ,9/21/2025,0.00,0.00,24.99,0,3,302,Common,,,,,
Pupitar #48,$1.83 ,$12.57 ,$38.68 ,9/21/2025,0.00,0.00,24.99,0,,192,Common,,,,,
Larry's Skill [Reverse] #115,$1.82 ,$12.44 ,$38.26 ,9/21/2025,0.00,0.00,24.99,0,,192,Common,,,,,
Okidogi [Poke Ball] #57,$1.81 ,$6.50 ,$38.39 ,9/21/2025,0.00,0.00,24.99,0,3,302,Rare,,,,,
Techno Radar [Reverse] #130,$1.81 ,$12.49 ,$38.38 ,9/21/2025,0.00,0.00,24.99,0,,192,Uncommon,,,,,
Earthen Vessel [Reverse] #106,$1.80 ,$12.48 ,$38.33 ,9/21/2025,0.00,0.00,24.99,0,,192,Uncommon,,,,,
Haban Berry [Poke Ball] #111,$1.80 ,$7.00 ,$37.73 ,9/21/2025,0.00,0.00,24.99,0,3,302,Common,,,,,
Spritzee [Poke Ball] #38,$1.79 ,$7.00 ,$38.29 ,9/21/2025,0.00,0.00,24.99,0,3,302,Common,,,,,
Black Belt's Training #96,$1.79 ,$9.00 ,$38.00 ,9/21/2025,0.00,0.00,24.99,0,,192,Common,,,,,
Eevee [Reverse] #74,$1.79 ,$8.32 ,$29.30 ,9/21/2025,0.00,0.00,24.99,0,,192,Common,,,,,
Roto Stick [Poke Ball] #127,$1.77 ,$12.45 ,$38.25 ,9/21/2025,0.00,0.00,24.99,0,3,302,Common,,,,,
Binding Mochi [Poke Ball] #95,$1.76 ,$12.42 ,$38.15 ,9/21/2025,0.00,0.00,24.99,0,3,302,Uncommon,,,,,
Regigigas [Reverse] #86,$1.76 ,$12.42 ,$25.00 ,9/21/2025,0.00,0.00,24.99,0,,192,Uncommon,,,,,
Techno Radar [Poke Ball] #130,$1.76 ,$12.42 ,$13.50 ,9/21/2025,0.00,0.00,24.99,0,3,302,Uncommon,,,,,
Amarys [Poke Ball] #93,$1.75 ,$11.25 ,$48.04 ,9/21/2025,0.00,0.00,24.99,0,3,302,Common,,,,,
Larvitar [Reverse] #47,$1.75 ,$12.40 ,$38.11 ,9/21/2025,0.00,0.00,24.99,0,,192,Common,,,,,
Seaking #21,$1.75 ,$12.41 ,$38.10 ,9/21/2025,0.00,0.00,24.99,0,,192,Uncommon,,,,,
Bug Catching Set [Poke Ball] #102,$1.75 ,$1.25 ,$37.04 ,9/21/2025,0.00,0.00,24.99,0,3,302,Uncommon,,,,,
Exeggutor [Poke Ball] #2,$1.75 ,$1.25 ,$23.25 ,9/21/2025,0.00,0.00,24.99,0,3,302,Uncommon,,,,,
Goldeen [Poke Ball] #20,$1.75 ,$12.58 ,$20.00 ,9/21/2025,0.00,0.00,24.99,0,3,302,Common,,,,,
Hydrapple ex #11,$1.75 ,$9.35 ,$18.59 ,9/21/2025,0.00,0.00,24.99,0,6,150,Double_Rare,26,8,46,,
Ogre's Mask #118,$1.74 ,$12.39 ,$38.05 ,9/21/2025,0.00,0.00,24.99,0,,192,Uncommon,,,,,
Larvitar [Poke Ball] #47,$1.74 ,$12.06 ,$36.95 ,9/21/2025,0.00,0.00,24.99,0,3,302,Common,,,,,
Vaporeon #22,$1.74 ,$10.27 ,$27.49 ,9/21/2025,0.00,0.00,24.99,0,,192,Rare,,,,,
Hawlucha [Poke Ball] #89,$1.74 ,$7.50 ,$8.50 ,9/21/2025,0.00,0.00,24.99,0,3,302,Uncommon,,,,,
Archaludon [Poke Ball] #70,$1.73 ,$9.99 ,$38.58 ,9/21/2025,0.00,0.00,24.99,0,3,302,Rare,,,,,
Slowpoke #18,$1.73 ,$12.37 ,$38.03 ,9/21/2025,0.00,0.00,24.99,0,,192,Common,,,,,
Great Tusk [Reverse] #55,$1.73 ,$12.38 ,$38.02 ,9/21/2025,0.00,0.00,24.99,0,,192,Uncommon,,,,,
Crispin [Reverse] #105,$1.73 ,$12.38 ,$38.01 ,9/21/2025,0.00,0.00,24.99,0,,192,Uncommon,,,,,
Buddy-Buddy Poffin [Reverse] #101,$1.72 ,$13.79 ,$38.39 ,9/21/2025,0.00,0.00,24.99,0,,192,Uncommon,,,,,
Glass Trumpet [Reverse] #110,$1.72 ,$12.37 ,$37.96 ,9/21/2025,0.00,0.00,24.99,0,,192,Uncommon,,,,,
Janine's Secret Art [Poke Ball] #112,$1.72 ,$7.88 ,$37.28 ,9/21/2025,0.00,0.00,24.99,0,3,302,Uncommon,,,,,
Treasure Tracker #131,$1.72 ,$7.00 ,$19.99 ,9/21/2025,0.00,0.00,24.99,0,21,128,ACE_SPEC,28,13,50,,
Pupitar [Poke Ball] #48,$1.72 ,$7.59 ,$17.50 ,9/21/2025,0.00,0.00,24.99,0,3,302,Common,,,,,
Bug Catching Set [Reverse] #102,$1.71 ,$12.35 ,$37.94 ,9/21/2025,0.00,0.00,24.99,0,,192,Uncommon,,,,,
Noivern ex #91,$1.71 ,$10.00 ,$37.92 ,9/21/2025,0.00,0.00,24.99,0,6,150,Double_Rare,22,3,37,,
Munkidori #44,$1.71 ,$12.06 ,$36.94 ,9/21/2025,0.00,0.00,24.99,0,,192,Rare,,,,,
Black Belt's Training #98,$1.70 ,$12.61 ,$38.15 ,9/21/2025,0.00,0.00,24.99,0,,192,Common,,,,,
Dipplin #10,$1.70 ,$12.34 ,$37.87 ,9/21/2025,0.00,0.00,24.99,0,,192,Uncommon,,,,,
Fezandipiti [Poke Ball] #45,$1.70 ,$2.89 ,$34.45 ,9/21/2025,0.00,0.00,24.99,0,3,302,Rare,,,,,
Slowpoke [Poke Ball] #18,$1.70 ,$9.95 ,$23.22 ,9/21/2025,0.00,0.00,24.99,0,3,302,Common,,,,,
Hearthflame Mask Ogerpon ex #17,$1.69 ,$11.50 ,$40.00 ,9/21/2025,0.00,0.00,24.99,0,6,150,Double_Rare,24,22,54,,
Buddy-Buddy Poffin #101,$1.69 ,$6.26 ,$39.47 ,9/21/2025,0.00,0.00,24.99,0,,192,Uncommon,,,,,
Black Belt's Training [Reverse] #97,$1.69 ,$12.32 ,$37.83 ,9/21/2025,0.00,0.00,24.99,0,,192,Common,,,,,
Friends in Paldea [Reverse] #109,$1.69 ,$12.32 ,$37.83 ,9/21/2025,0.00,0.00,24.99,0,,192,Common,,,,,
Hawlucha #89,$1.69 ,$12.32 ,$37.83 ,9/21/2025,0.00,0.00,24.99,0,,192,Uncommon,,,,,
Professor Sada's Vitality #120,$1.69 ,$12.32 ,$37.83 ,9/21/2025,0.00,0.00,24.99,0,,192,Uncommon,,,,,
Atticus #134,$1.69 ,$9.22 ,$32.00 ,9/21/2025,0.00,0.00,24.99,0,13,161,Ultra_Rare,138,64,256,,
Rescue Board [Poke Ball] #126,$1.69 ,$4.00 ,$19.50 ,9/21/2025,0.00,0.00,24.99,0,3,302,Uncommon,,,,,
Great Tusk [Poke Ball] #55,$1.69 ,$7.50 ,$9.30 ,9/21/2025,0.00,0.00,24.99,0,3,302,Uncommon,,,,,
Friends in Paldea #109,$1.67 ,$15.00 ,$37.74 ,9/21/2025,0.00,0.00,24.99,0,,192,Common,,,,,
Espeon #33,$1.67 ,$11.71 ,$36.99 ,9/21/2025,0.00,0.00,24.99,0,,192,Rare,,,,,
Furfrou [Poke Ball] #88,$1.67 ,$12.32 ,$27.00 ,9/21/2025,0.00,0.00,24.99,0,3,302,Common,,,,,
Fezandipiti [Reverse] #45,$1.66 ,$12.50 ,$38.42 ,9/21/2025,0.00,0.00,24.99,0,,192,Rare,,,,,
Hippowdon [Poke Ball] #53,$1.65 ,$12.27 ,$75.00 ,9/21/2025,0.00,0.00,24.99,0,3,302,Common,,,,,
Festival Grounds [Poke Ball] #108,$1.65 ,$12.50 ,$38.33 ,9/21/2025,0.00,0.00,24.99,0,3,302,Uncommon,,,,,
Carmine #103,$1.65 ,$12.25 ,$37.61 ,9/21/2025,0.00,0.00,24.99,0,,192,Uncommon,,,,,
Noctowl [Reverse] #78,$1.65 ,$12.61 ,$30.44 ,9/21/2025,0.00,0.00,24.99,0,,192,Rare,,,,,
Drakloak [Reverse] #72,$1.65 ,$12.27 ,$26.25 ,9/21/2025,0.00,0.00,24.99,0,,192,Common,,,,,
Ortega #141,$1.65 ,$14.00 ,$26.17 ,9/21/2025,0.00,0.00,24.99,0,13,161,Ultra_Rare,103,63,208,,
Suicune [Reverse] #24,$1.63 ,$7.05 ,$38.40 ,9/21/2025,0.00,0.00,24.99,0,,192,Uncommon,,,,,
Applin [Poke Ball] #9,$1.63 ,$9.16 ,$33.24 ,9/21/2025,0.00,0.00,24.99,0,3,302,Common,,,,,
Pyroar [Poke Ball] #16,$1.62 ,$8.25 ,$42.57 ,9/21/2025,0.00,0.00,24.99,0,3,302,Uncommon,,,,,
Crispin #105,$1.62 ,$13.71 ,$42.50 ,9/21/2025,0.00,0.00,24.99,0,,192,Uncommon,,,,,
Lacey #114,$1.62 ,$12.14 ,$37.23 ,9/21/2025,0.00,0.00,24.99,0,,192,Uncommon,,,,,
Crispin [Poke Ball] #105,$1.62 ,$11.95 ,$36.58 ,9/21/2025,0.00,0.00,24.99,0,3,302,Uncommon,,,,,
Groudon [Poke Ball] #49,$1.62 ,$11.18 ,$36.52 ,9/21/2025,0.00,0.00,24.99,0,3,302,Rare,,,,,
Duraludon #69,$1.62 ,$8.50 ,$33.00 ,9/21/2025,0.00,0.00,24.99,0,,192,Common,,,,,
Sneasel [Poke Ball] #61,$1.62 ,$4.72 ,$31.56 ,9/21/2025,0.00,0.00,24.99,0,3,302,Common,,,,,
Professor Sada's Vitality [Reverse] #120,$1.61 ,$11.92 ,$27.00 ,9/21/2025,0.00,0.00,24.99,0,,192,Uncommon,,,,,
Litleo [Poke Ball] #15,$1.61 ,$6.50 ,$12.50 ,9/21/2025,0.00,0.00,24.99,0,3,302,Common,,,,,
Fan Rotom [Reverse] #85,$1.60 ,$12.54 ,$38.57 ,9/21/2025,0.00,0.00,24.99,0,,192,Common,,,,,
Goldeen #20,$1.60 ,$11.96 ,$36.63 ,9/21/2025,0.00,0.00,24.99,0,,192,Common,,,,,
Kieran [Poke Ball] #113,$1.59 ,$8.50 ,$42.99 ,9/21/2025,0.00,0.00,24.99,0,3,302,Uncommon,,,,,
Wellspring Mask Ogerpon ex #27,$1.59 ,$9.00 ,$26.24 ,9/21/2025,0.00,0.00,24.99,0,6,150,Double_Rare,45,22,72,,
Flutter Mane [Reverse] #43,$1.58 ,$12.17 ,$29.00 ,9/21/2025,0.00,0.00,24.99,0,,192,Rare,,,,,
Janine's Secret Art [Reverse] #112,$1.57 ,$12.16 ,$37.27 ,9/21/2025,0.00,0.00,24.99,0,,192,Uncommon,,,,,
Flutter Mane [Poke Ball] #43,$1.57 ,$7.50 ,$12.50 ,9/21/2025,0.00,0.00,24.99,0,3,302,Rare,,,,,
Sandy Shocks ex #56,$1.56 ,$10.00 ,$22.50 ,9/21/2025,0.00,0.00,24.99,0,6,150,Double_Rare,24,5,39,,
Roaring Moon [Reverse] #65,$1.55 ,$19.92 ,$45.25 ,9/21/2025,0.00,0.00,24.99,0,,192,Rare,,,,,
Iron Boulder [Reverse] #46,$1.55 ,$12.53 ,$39.99 ,9/21/2025,0.00,0.00,24.99,0,,192,Rare,,,,,
Black Belt's Training [Poke Ball] #99,$1.55 ,$12.32 ,$37.84 ,9/21/2025,0.00,0.00,24.99,0,3,302,Common,,,,,
Briar #100,$1.55 ,$12.19 ,$37.36 ,9/21/2025,0.00,0.00,24.99,0,,192,Uncommon,,,,,
Furfrou #88,$1.55 ,$12.14 ,$37.23 ,9/21/2025,0.00,0.00,24.99,0,,192,Common,,,,,
Binding Mochi [Reverse] #95,$1.55 ,$12.13 ,$37.18 ,9/21/2025,0.00,0.00,24.99,0,,192,Uncommon,,,,,
Tyme #143,$1.55 ,$11.11 ,$28.00 ,9/21/2025,0.00,0.00,24.99,0,13,161,Ultra_Rare,105,48,190,,
Shaymin [Reverse] #87,$1.54 ,$10.00 ,$45.41 ,9/21/2025,0.00,0.00,24.99,0,,192,Uncommon,,,,,
Dusclops [Reverse] #36,$1.54 ,$12.24 ,$37.54 ,9/21/2025,0.00,0.00,24.99,0,,192,Common,,,,,
Riolu [Reverse] #50,$1.54 ,$7.50 ,$36.90 ,9/21/2025,0.00,0.00,24.99,0,,192,Common,,,,,
Raifort #142,$1.54 ,$7.99 ,$35.00 ,9/21/2025,0.00,0.00,24.99,0,13,161,Ultra_Rare,205,64,331,,
Noibat [Reverse] #90,$1.53 ,$12.10 ,$37.08 ,9/21/2025,0.00,0.00,24.99,0,,192,Common,,,,,
Flareon [Reverse] #13,$1.53 ,$10.50 ,$36.99 ,9/21/2025,0.00,0.00,24.99,0,,192,Rare,,,,,
Jolteon #29,$1.52 ,$10.50 ,$35.00 ,9/21/2025,0.00,0.00,24.99,0,,192,Rare,,,,,
Slowking [Reverse] #19,$1.50 ,$12.06 ,$49.99 ,9/21/2025,0.00,0.00,24.99,0,,192,Uncommon,,,,,
Duraludon [Poke Ball] #69,$1.50 ,$0.99 ,$38.93 ,9/21/2025,0.00,0.00,24.99,0,3,302,Common,,,,,
Black Belt's Training [Reverse] #99,$1.50 ,$12.06 ,$36.96 ,9/21/2025,0.00,0.00,24.99,0,,192,Common,,,,,
Professor Turo's Scenario [Poke Ball] #121,$1.50 ,$12.06 ,$36.96 ,9/21/2025,0.00,0.00,24.99,0,3,302,Uncommon,,,,,
Aromatisse [Reverse] #39,$1.50 ,$12.06 ,$36.95 ,9/21/2025,0.00,0.00,24.99,0,,192,Common,,,,,
Shaymin #87,$1.50 ,$12.06 ,$36.94 ,9/21/2025,0.00,0.00,24.99,0,,192,Uncommon,,,,,
Atticus #133,$1.50 ,$8.75 ,$24.50 ,9/21/2025,0.00,0.00,24.99,0,13,161,Ultra_Rare,161,99,315,,
Dusknoir [Reverse] #37,$1.49 ,$12.23 ,$37.50 ,9/21/2025,0.00,0.00,24.99,0,,192,Rare,,,,,
Dusknoir #37,$1.49 ,$12.04 ,$36.91 ,9/21/2025,0.00,0.00,24.99,0,,192,Rare,,,,,
Professor Turo's Scenario [Reverse] #121,$1.49 ,$12.05 ,$36.91 ,9/21/2025,0.00,0.00,24.99,0,,192,Uncommon,,,,,
Roto Stick #127,$1.49 ,$12.05 ,$36.91 ,9/21/2025,0.00,0.00,24.99,0,,192,Common,,,,,
Spritzee [Reverse] #38,$1.49 ,$12.05 ,$36.91 ,9/21/2025,0.00,0.00,24.99,0,,192,Common,,,,,
Friends in Paldea [Poke Ball] #109,$1.49 ,$12.05 ,$36.90 ,9/21/2025,0.00,0.00,24.99,0,3,302,Common,,,,,
Haban Berry [Reverse] #111,$1.49 ,$12.05 ,$36.90 ,9/21/2025,0.00,0.00,24.99,0,,192,Common,,,,,
Leafeon #5,$1.49 ,$8.39 ,$26.11 ,9/21/2025,0.00,0.00,24.99,0,,192,Rare,,,,,
Area Zero Underdepths [Poke Ball] #94,$1.49 ,$4.76 ,$16.49 ,9/21/2025,0.00,0.00,24.99,0,3,302,Uncommon,,,,,
Goldeen [Reverse] #20,$1.49 ,$12.39 ,$15.00 ,9/21/2025,0.00,0.00,24.99,0,,192,Common,,,,,
Lacey [Poke Ball] #114,$1.48 ,$9.00 ,$88.42 ,9/21/2025,0.00,0.00,24.99,0,3,302,Uncommon,,,,,
Dreepy [Reverse] #71,$1.48 ,$9.50 ,$38.00 ,9/21/2025,0.00,0.00,24.99,0,,192,Common,,,,,
Buneary [Reverse] #83,$1.48 ,$12.03 ,$36.87 ,9/21/2025,0.00,0.00,24.99,0,,192,Common,,,,,
Festival Grounds #108,$1.48 ,$7.50 ,$36.86 ,9/21/2025,0.00,0.00,24.99,0,,192,Uncommon,,,,,
Professor's Research: Professor Rowan [Reverse] #124,$1.48 ,$12.04 ,$36.85 ,9/21/2025,0.00,0.00,24.99,0,,192,Common,,,,,
Umbreon #59,$1.47 ,$12.52 ,$37.73 ,9/21/2025,0.00,0.00,24.99,0,,192,Rare,,,,,
Festival Grounds [Reverse] #108,$1.47 ,$12.05 ,$36.90 ,9/21/2025,0.00,0.00,24.99,0,,192,Uncommon,,,,,
Black Belt's Training [Reverse] #98,$1.47 ,$12.02 ,$36.82 ,9/21/2025,0.00,0.00,24.99,0,,192,Common,,,,,
Dipplin [Reverse] #10,$1.47 ,$11.98 ,$36.67 ,9/21/2025,0.00,0.00,24.99,0,,192,Uncommon,,,,,
Okidogi [Reverse] #57,$1.46 ,$12.03 ,$36.86 ,9/21/2025,0.00,0.00,24.99,0,,192,Rare,,,,,
Lacey [Reverse] #114,$1.46 ,$9.36 ,$36.77 ,9/21/2025,0.00,0.00,24.99,0,,192,Uncommon,,,,,
Applin [Reverse] #9,$1.46 ,$11.97 ,$36.62 ,9/21/2025,0.00,0.00,24.99,0,,192,Common,,,,,
Earthen Vessel #106,$1.45 ,$14.00 ,$36.90 ,9/21/2025,0.00,0.00,24.99,0,,192,Uncommon,,,,,
Exeggcute [Reverse] #1,$1.45 ,$11.99 ,$36.73 ,9/21/2025,0.00,0.00,24.99,0,,192,Common,,,,,
Bloodmoon Ursaluna [Reverse] #54,$1.45 ,$11.99 ,$36.72 ,9/21/2025,0.00,0.00,24.99,0,,192,Rare,,,,,
Houndoom #63,$1.45 ,$11.99 ,$36.71 ,9/21/2025,0.00,0.00,24.99,0,,192,Common,,,,,
Exeggutor #2,$1.45 ,$11.73 ,$35.84 ,9/21/2025,0.00,0.00,24.99,0,,192,Uncommon,,,,,
Cottonee #7,$1.45 ,$12.01 ,$20.00 ,9/21/2025,0.00,0.00,24.99,0,,192,Common,,,,,
Furfrou [Reverse] #88,$1.44 ,$12.20 ,$37.41 ,9/21/2025,0.00,0.00,24.99,0,,192,Common,,,,,
Houndour #62,$1.44 ,$11.99 ,$36.73 ,9/21/2025,0.00,0.00,24.99,0,,192,Common,,,,,
Whimsicott [Reverse] #8,$1.44 ,$11.91 ,$36.44 ,9/21/2025,0.00,0.00,24.99,0,,192,Rare,,,,,
Espeon [Reverse] #33,$1.43 ,$6.50 ,$32.23 ,9/21/2025,0.00,0.00,24.99,0,,192,Rare,,,,,
Slowking #19,$1.42 ,$9.80 ,$40.35 ,9/21/2025,0.00,0.00,24.99,0,,192,Uncommon,,,,,
Litleo #15,$1.42 ,$3.42 ,$39.99 ,9/21/2025,0.00,0.00,24.99,0,,192,Common,,,,,
Dunsparce [Reverse] #79,$1.42 ,$11.95 ,$38.00 ,9/21/2025,0.00,0.00,24.99,0,,192,Common,,,,,
Explorer's Guidance #107,$1.42 ,$11.96 ,$36.63 ,9/21/2025,0.00,0.00,24.99,0,,192,Uncommon,,,,,
Ciphermaniac's Codebreaking [Reverse] #104,$1.42 ,$11.95 ,$36.59 ,9/21/2025,0.00,0.00,24.99,0,,192,Uncommon,,,,,
Roto Stick [Reverse] #127,$1.42 ,$11.95 ,$36.58 ,9/21/2025,0.00,0.00,24.99,0,,192,Common,,,,,
Okidogi #57,$1.42 ,$11.92 ,$36.48 ,9/21/2025,0.00,0.00,24.99,0,,192,Rare,,,,,
Flutter Mane #43,$1.42 ,$9.00 ,$10.00 ,9/21/2025,0.00,0.00,24.99,0,,192,Rare,,,,,
Groudon [Reverse] #49,$1.41 ,$8.50 ,$36.82 ,9/21/2025,0.00,0.00,24.99,0,,192,Rare,,,,,
Black Belt's Training #97,$1.41 ,$15.00 ,$36.54 ,9/21/2025,0.00,0.00,24.99,0,,192,Common,,,,,
Pyroar [Reverse] #16,$1.41 ,$11.94 ,$36.53 ,9/21/2025,0.00,0.00,24.99,0,,192,Uncommon,,,,,
Kieran [Reverse] #113,$1.40 ,$12.02 ,$36.81 ,9/21/2025,0.00,0.00,24.99,0,,192,Uncommon,,,,,
Seaking [Reverse] #21,$1.40 ,$11.92 ,$36.49 ,9/21/2025,0.00,0.00,24.99,0,,192,Uncommon,,,,,
Jolteon [Reverse] #29,$1.40 ,$9.50 ,$34.78 ,9/21/2025,0.00,0.00,24.99,0,,192,Rare,,,,,
Black Belt's Training [Reverse] #96,$1.39 ,$11.98 ,$36.67 ,9/21/2025,0.00,0.00,24.99,0,,192,Common,,,,,
Sparkling Crystal #129,$1.39 ,$7.72 ,$8.55 ,9/21/2025,0.00,0.00,24.99,0,21,128,ACE_SPEC,28,10,47,,
Dudunsparce [Reverse] #80,$1.38 ,$11.00 ,$36.40 ,9/21/2025,0.00,0.00,24.99,0,,192,Rare,,,,,
Buneary #83,$1.38 ,$11.39 ,$34.68 ,9/21/2025,0.00,0.00,24.99,0,,192,Common,,,,,
Hippopotas [Reverse] #52,$1.37 ,$11.88 ,$36.34 ,9/21/2025,0.00,0.00,24.99,0,,192,Common,,,,,
Janine's Secret Art #112,$1.37 ,$13.49 ,$36.34 ,9/21/2025,0.00,0.00,24.99,0,,192,Uncommon,,,,,
Whimsicott #8,$1.35 ,$17.00 ,$38.97 ,9/21/2025,0.00,0.00,24.99,0,,192,Rare,,,,,
Sneasel [Reverse] #61,$1.35 ,$11.85 ,$36.26 ,9/21/2025,0.00,0.00,24.99,0,,192,Common,,,,,
Fezandipiti #45,$1.34 ,$8.10 ,$41.77 ,9/21/2025,0.00,0.00,24.99,0,,192,Rare,,,,,
Vaporeon [Reverse] #22,$1.34 ,$12.00 ,$38.66 ,9/21/2025,0.00,0.00,24.99,0,,192,Rare,,,,,
Hawlucha [Reverse] #89,$1.34 ,$11.94 ,$38.00 ,9/21/2025,0.00,0.00,24.99,0,,192,Uncommon,,,,,
Hippowdon [Reverse] #53,$1.34 ,$11.87 ,$36.30 ,9/21/2025,0.00,0.00,24.99,0,,192,Common,,,,,
Duskull #35,$1.34 ,$11.86 ,$36.25 ,9/21/2025,0.00,0.00,24.99,0,,192,Common,,,,,
Binding Mochi #95,$1.34 ,$11.84 ,$36.22 ,9/21/2025,0.00,0.00,24.99,0,,192,Uncommon,,,,,
Carmine [Reverse] #103,$1.34 ,$11.84 ,$36.22 ,9/21/2025,0.00,0.00,24.99,0,,192,Uncommon,,,,,
Explorer's Guidance [Reverse] #107,$1.34 ,$11.84 ,$36.22 ,9/21/2025,0.00,0.00,24.99,0,,192,Uncommon,,,,,
Miltank #81,$1.34 ,$11.70 ,$35.76 ,9/21/2025,0.00,0.00,24.99,0,,192,Common,,,,,
Glaceon #25,$1.34 ,$11.49 ,$33.00 ,9/21/2025,0.00,0.00,24.99,0,,192,Rare,,,,,
Dunsparce #79,$1.34 ,$4.31 ,$26.00 ,9/21/2025,0.00,0.00,24.99,0,,192,Common,,,,,
Noctowl [Poke Ball] #78,$1.34 ,$6.01 ,$15.05 ,9/21/2025,0.00,0.00,24.99,0,3,302,Rare,,,,,
Sylveon #40,$1.33 ,$11.67 ,$41.00 ,9/21/2025,0.00,0.00,24.99,0,,192,Rare,,,,,
Bronzor [Reverse] #66,$1.33 ,$11.97 ,$38.00 ,9/21/2025,0.00,0.00,24.99,0,,192,Common,,,,,
Professor Turo's Scenario #121,$1.33 ,$8.50 ,$36.17 ,9/21/2025,0.00,0.00,24.99,0,,192,Uncommon,,,,,
Briar [Reverse] #100,$1.33 ,$2.66 ,$36.16 ,9/21/2025,0.00,0.00,24.99,0,,192,Uncommon,,,,,
Cottonee [Reverse] #7,$1.33 ,$11.83 ,$36.16 ,9/21/2025,0.00,0.00,24.99,0,,192,Common,,,,,
Glaceon [Reverse] #25,$1.32 ,$7.00 ,$38.00 ,9/21/2025,0.00,0.00,24.99,0,,192,Rare,,,,,
Dusclops #36,$1.32 ,$11.82 ,$36.11 ,9/21/2025,0.00,0.00,24.99,0,,192,Common,,,,,
Noibat #90,$1.32 ,$11.82 ,$36.11 ,9/21/2025,0.00,0.00,24.99,0,,192,Common,,,,,
Spritzee #38,$1.32 ,$11.82 ,$36.11 ,9/21/2025,0.00,0.00,24.99,0,,192,Common,,,,,
Dudunsparce #80,$1.32 ,$13.00 ,$26.00 ,9/21/2025,0.00,0.00,24.99,0,,192,Rare,,,,,
Bronzong [Reverse] #67,$1.31 ,$11.80 ,$36.06 ,9/21/2025,0.00,0.00,24.99,0,,192,Uncommon,,,,,
Flareon #13,$1.31 ,$9.00 ,$31.08 ,9/21/2025,0.00,0.00,24.99,0,,192,Rare,,,,,
Haban Berry #111,$1.30 ,$11.79 ,$36.02 ,9/21/2025,0.00,0.00,24.99,0,,192,Common,,,,,
Hippowdon #53,$1.28 ,$11.76 ,$35.93 ,9/21/2025,0.00,0.00,24.99,0,,192,Common,,,,,
Ogre's Mask [Reverse] #118,$1.28 ,$11.74 ,$35.89 ,9/21/2025,0.00,0.00,24.99,0,,192,Uncommon,,,,,
Duskull [Poke Ball] #35,$1.28 ,$8.44 ,$19.52 ,9/21/2025,0.00,0.00,24.99,0,3,302,Common,,,,,
Scoop Up Cyclone #128,$1.28 ,$10.52 ,$14.20 ,9/21/2025,0.00,0.00,24.99,0,21,128,ACE_SPEC,17,10,35,,
Roaring Moon #65,$1.26 ,$9.00 ,$41.69 ,9/21/2025,0.00,0.00,24.99,0,,192,Rare,,,,,
Heatran #68,$1.25 ,$4.14 ,$35.80 ,9/21/2025,0.00,0.00,24.99,0,,192,Uncommon,,,,,
Ciphermaniac's Codebreaking #104,$1.25 ,$9.99 ,$35.79 ,9/21/2025,0.00,0.00,24.99,0,,192,Uncommon,,,,,
Groudon #49,$1.25 ,$5.77 ,$35.79 ,9/21/2025,0.00,0.00,24.99,0,,192,Rare,,,,,
Miltank [Reverse] #81,$1.25 ,$11.72 ,$35.79 ,9/21/2025,0.00,0.00,24.99,0,,192,Common,,,,,
Fan Rotom #85,$1.25 ,$11.66 ,$35.61 ,9/21/2025,0.00,0.00,24.99,0,,192,Common,,,,,
Bloodmoon Ursaluna #54,$1.25 ,$9.31 ,$34.50 ,9/21/2025,0.00,0.00,24.99,0,,192,Rare,,,,,
Iron Boulder #46,$1.25 ,$8.50 ,$20.50 ,9/21/2025,0.00,0.00,24.99,0,,192,Rare,,,,,
Bug Catching Set #102,$1.24 ,$11.70 ,$35.75 ,9/21/2025,0.00,0.00,24.99,0,,192,Uncommon,,,,,
Techno Radar #130,$1.23 ,$11.69 ,$35.70 ,9/21/2025,0.00,0.00,24.99,0,,192,Uncommon,,,,,
Riolu #50,$1.22 ,$11.83 ,$36.16 ,9/21/2025,0.00,0.00,24.99,0,,192,Common,,,,,
Litleo [Reverse] #15,$1.21 ,$11.66 ,$38.00 ,9/21/2025,0.00,0.00,24.99,0,,192,Common,,,,,
Rescue Board [Reverse] #126,$1.21 ,$11.65 ,$35.55 ,9/21/2025,0.00,0.00,24.99,0,,192,Uncommon,,,,,
Hoothoot [Reverse] #77,$1.20 ,$11.65 ,$39.99 ,9/21/2025,0.00,0.00,24.99,0,,192,Common,,,,,
Larvitar #47,$1.19 ,$11.64 ,$132.50 ,9/21/2025,0.00,0.00,24.99,0,,192,Common,,,,,
Lopunny [Reverse] #84,$1.17 ,$11.46 ,$34.91 ,9/21/2025,0.00,0.00,24.99,0,,192,Common,,,,,
Bronzong #67,$1.16 ,$11.59 ,$29.44 ,9/21/2025,0.00,0.00,24.99,0,,192,Uncommon,,,,,
Pinsir [Poke Ball] #3,$1.15 ,$7.25 ,$36.07 ,9/21/2025,0.00,0.00,24.99,0,3,302,Common,,,,,
Area Zero Underdepths #94,$1.15 ,$9.99 ,$35.33 ,9/21/2025,0.00,0.00,24.99,0,,192,Uncommon,,,,,
Scream Tail #42,$1.15 ,$10.09 ,$22.50 ,9/21/2025,0.00,0.00,24.99,0,,192,Uncommon,,,,,
Glass Trumpet #110,$1.13 ,$11.55 ,$39.99 ,9/21/2025,0.00,0.00,24.99,0,,192,Uncommon,,,,,
Rescue Board #126,$1.09 ,$11.47 ,$34.96 ,9/21/2025,0.00,0.00,24.99,0,,192,Uncommon,,,,,
Bronzor #66,$1.08 ,$11.48 ,$35.00 ,9/21/2025,0.00,0.00,24.99,0,,192,Common,,,,,
Noctowl #78,$1.03 ,$11.73 ,$40.00 ,9/21/2025,0.00,0.00,24.99,0,,192,Rare,,,,,
Archaludon [Reverse] #70,$1.01 ,$11.95 ,$36.57 ,9/21/2025,0.00,0.00,24.99,0,,192,Rare,,,,,
Amarys #93,$1.00 ,$11.37 ,$34.64 ,9/21/2025,0.00,0.00,24.99,0,,192,Common,,,,,
Pinsir #3,$1.00 ,$11.37 ,$34.63 ,9/21/2025,0.00,0.00,24.99,0,,192,Common,,,,,
Suicune #24,$1.00 ,$11.37 ,$17.50 ,9/21/2025,0.00,0.00,24.99,0,,192,Uncommon,,,,,
Umbreon [Reverse] #59,$0.99 ,$8.38 ,$36.16 ,9/21/2025,0.00,0.00,24.99,0,,192,Rare,,,,,
Lopunny #84,$0.99 ,$11.36 ,$34.59 ,9/21/2025,0.00,0.00,24.99,0,,192,Common,,,,,
Pinsir [Reverse] #3,$0.98 ,$11.94 ,$36.53 ,9/21/2025,0.00,0.00,24.99,0,,192,Common,,,,,
Houndour [Reverse] #62,$0.51 ,$12.28 ,$37.69 ,9/21/2025,0.00,0.00,24.99,0,,192,Common,,,,,